purchase name,ticker,extra_info
3M Company Common Stock (MMM),MMM,
"AAON, Inc. - Common Stock (AAON)",AAON,
Abbott Laboratories Common Stock,ABT,
AbbVie Inc. Common Stock (ABBV),ABBV,
Accenture plc Class A Ordinary,ACN,
Accenture plc Class A Ordinary Shares,ACN,
Adobe Inc. - Common Stock (ADBE),ADBE,
"Advanced Drainage Systems, Inc.",WMS,
"Advanced Micro Devices, Inc. (AMD)",AMD,
Aero Engineering Holdings LLC [OI],out of scope,
"Agios Pharmaceuticals, Inc. -",AGIO,
"Airbnb, Inc. - Class A Common Stock",ABNB,
"AIX Ventures Fund II, LP (GLAS",out of scope,
Alibaba Group Holding Limited,BABA,
"Allete, Inc. (ALE) [ST]",ALE,
"Alliance Resource Partners, L.P.",ARLP,
"Alliance Resource Partners, L.P. -",ARLP,
"Alliant Holdings, LP [OL]",out of scope,
Alphabet Inc. - Class C Capital Stock,GOOG,
"Alpine Investors IX, LP [HN]",out of scope,
"Amazon.com, Inc. - Common Stock",AMZN,
Ambev S.A. American Depositary,ABEV,
American Tower Corporation (AMT),AMT,
"Ameriprise Financial, Inc. Common",AMP,
Amgen Inc. - Common Stock (AMGN),AMGN,
"Analog Devices, Inc. - Common Stock",ADI,
Andersen Corporation [OI],out of scope,https://en.wikipedia.org/wiki/Andersen_Corporation
"ANSYS, Inc. - Common Stock (ANSS)",ANSS,
APi Group Corporation Common,APG,
"AppFolio, Inc. - Class A Common",APPF,
Apple Inc. - Common Stock (AAPL),AAPL,
Aramark Common Stock (ARMK),ARMK,
Arista Investors Corp. Class A,out of scope,
"Arista Networks, Inc. Common Stock",ANET,
ASML Holding N.V. - New York,ASML,
Atlassian Corporation - Class A,TEAM,
Austin Tex Indpt SCH Dist Unltd Tax,out of scope,bonds?
"AutoZone, Inc. Common Stock (AZO)",AZO,
"Axon Enterprise, Inc. - Common Stock",AXON,
Berkshire Hathaway Inc. New,BRK-B,
"Berry Global Group, Inc. Common",BERY,
"BlackRock, Inc. Common Stock (BLK)",BLK,
Boeing Company (BA) [ST],BA,
BoodleAI [PS],out of scope,private equity
Booz Allen Hamilton Holding,BAH,
Bristol-Myers Squibb Company,BMY,
Broadcom Inc. - Common Stock,AVGO,
"Broadridge Financial Solutions, Inc.",BR,
"Brown & Brown, Inc. Common Stock",BRO,
"CACI International, Inc. Class A",CACI,
"Cadence Design Systems, Inc. -",CDNS,
"Cadre Holdings, Inc. Common Stock",CDRE,
Canadian National Railway Company,CNI,
Canadian Pacific Kansas City Limited,CP,
Caney Creek Texas 2.125% GO Muni,out of scope,municipal bond
"Cardinal Health, Inc. Common Stock",CAH,
CarMax Inc (KMX) [ST],KMX,
"Caterpillar, Inc. Common Stock (CAT)",CAT,
CDW Corporation - Common Stock,CDW,
"Celsius Holdings, Inc. (CELH) [ST]",CELH,
Charles River Laboratories,CRL,
Chevron Corporation Common Stock,CVX,
"Chipotle Mexican Grill, Inc. Common",CMG,
Chubb Limited Common Stock (CB),CB,
"Churchill Downs, Incorporated -",CHDN,
"Clean Harbors, Inc. Common Stock",CLH,
COCA COLA CO NOTE CALL MAKE,out of scope,corporate note
Coca-Cola Company (KO) [ST],KO,
COLOPLAST AS SP/ADR (CLPBY),CLPBY,OTC markets (to double check)
Comcast 6.50% maturing 11/15/35,out of scope,corporate bond (https://markets.businessinsider.com/bonds/6_400-comcast-bond-2038-us20030nax93)
"Comfort Systems USA, Inc. Common",FIX,
"CompoSecure, Inc. - Class A Common",CMPO,
"ConAgra Brands, Inc. Common Stock",CAG,
ConocoPhillips Common Stock (COP),COP,
"Constellation Brands, Inc. Common",STZ,
Corning Incorporated Common Stock,GLW,
"CoStar Group, Inc. - Common Stock",CSGP,
Costco Wholesale Corporation -,COST,
Credo Technology Group Holding Ltd,CRDO,
"Crinetics Pharmaceuticals, Inc. -",CRNX,
"CrowdStrike Holdings, Inc. - Class A",CRWD,
Crown Castle Inc. Common Stock,CCI,
"Crown Holdings, Inc. (CCK) [ST]",CCK,
CVS Health Corporation Common,CVS,
"D.R. Horton, Inc. Common Stock",DHI,
Danaher Corporation Common Stock,DHR,
"Darden Restaurants, Inc. Common",DRI,
Deckers Outdoor Corporation (DECK),DECK,
Dell Technologies Inc. Class C,DELL,
DENTSPLY SIRONA Inc. - Common,XRAY,
Devon Energy Corporation Common,DVN,
Direxion Daily Small Cap Bull 3X ETF,out of scope,ETF seeking a 300% return of the performance of the Russell 2k index
Dollar General Corporation Common,DG,
"Dollar Tree, Inc. - Common Stock",DLTR,
"Dominion Energy, Inc. Common",D,
"Dominion Energy, Inc. Common Stock",D,
Dow Inc. Common Stock (DOW) [ST],DOW,
"Dropbox, Inc. - Class A Common",DBX,
"e.l.f. Beauty, Inc. Common Stock",ELF,
"Eaton Corporation, PLC Ordinary",ETN,
Edison International Common Stock,EIX,
"Elevance Health, Inc. Common Stock",ELV,
Eli Lilly and Company Common Stock,LLY,
"EMCOR Group, Inc. Common Stock",EME,
Energy Transfer LP Common Units,ET,
"Enphase Energy, Inc. - Common Stock",ENPH,
"Estee Lauder Companies, Inc. (EL)",EL,
Ethereum Crypto currency [CT],out of scope,crypto 
Eversource Energy (ES) [ST],ES,
Exxon Mobil Corporation Common,XOM,
Fairfax Cnty VA Ser A Go 5% due,out of scope,sovereign bond
Fair Isaac Corporation Common Stock,FICO,
"Farmers & Merchants Bancorp, Inc.",FMAO,
FEDERAL NATIONAL MORTGAGE,out of scope,mortgage
Ferguson Enterprises Inc. Common,FERG,
"First Citizens BancShares, Inc. - Class",FCNCA,
Florida St Heg Fin Corp Rev due,out of scope,
Ford Motor Company Common Stock,F,
"Fortinet, Inc. - Common Stock (FTNT)",FTNT,
Fortive Corporation Common Stock,FTV,
"Franklin Resources, Inc. Common",BEN,
FT VEST TOTAL RETURN INCOME,out of scope,"maybe not out of scope, to double check. Some kind of index"
GENERAL MTRS CO NOTE CALL,out of scope,corporate note
Genmab A/S - American Depositary,GMAB,
"GLAS Funds, LP [HN]",out of scope,PE / financial consulting firm
GoDaddy Inc. Class A Common Stock,GDDY,
"Goldman Sachs Group, Inc. (GS) [ST]",GS,
Graphic Packaging Holding Company,GPK,
"Grupo Financiero Banorte, S.A.B. De",GFNORTEO.MX,"traded on multiple exchanges, select one is Mexico"
"Harley-Davidson, Inc. Common Stock",HOG,
"Hasbro, Inc. - Common Stock (HAS)",HAS,
"Hawaiian Electric Industries, Inc.",HE,
"HealthEquity, Inc. - Common Stock",HQY,
Heico Corporation Common Stock,HEI,
"Home Depot, Inc. (HD) [ST]",HD,
"ICF International, Inc. - Common",ICFI,
Ingersoll Rand Inc. Common Stock,IR,
"Installed Building Products, Inc.",IBP,
"Intapp, Inc. - Common Stock (INTA)",INTA,
Intel Corporation - Common Stock,INTC,
Intercontinental Exchange Inc.,ICE,
Intra-Cellular Therapies Inc. (ITCI),ITCI,
Intuit Inc. - Common Stock (INTU),INTU,
"Intuitive Surgical, Inc. - Common",ISRG,
iShares Bitcoin Trust ETF (IBIT) [ST],IBIT,crypto
Johnson & Johnson Common Stock,JNJ,
JP Morgan Chase & Co. Common,JPM,
"Juniper Networks, Inc. Common",JNPR,
Kellanova Common Stock (K) [ST],K,
Kent Street Group LLC [OT],out of scope,Infrastructure-investment firm
"Kinder Morgan, Inc. Common Stock",KMI,
KLA Corporation - Common Stock,KLAC,
Lam Research Corporation - Common,LRCX,
"Lamb Weston Holdings, Inc. Common",LW,
"Lantheus Holdings, Inc. - Common",LNTH,
"Leidos Holdings, Inc. Common Stock",LDOS,
Linde plc - Ordinary Shares (LIN),LIN,
"Lowe's Companies, Inc. Common",LOW,
lululemon athletica inc. - Common,LULU,
MAI Managed [PS],MAIPX,
"Manhattan Associates, Inc. - Common",MANH,
"MarketAxess Holdings, Inc. -",MKTX,
"Marvell Technology, Inc. - Common",MRVL,
Mastercard Incorporated Common,MA,
McKesson Corporation Common,MCK,
"Medpace Holdings, Inc. - Common",MEDP,
Medtronic plc. Ordinary Shares,MDT,
"MercadoLibre, Inc. - Common Stock",MELI,
"Mercato Partners Travers IV QP, LP",out of scope,some kind of PE firm (https://www.mercatopartners.com/)
"Merck & Company, Inc. Common",MRK,
"Meta Platforms, Inc. - Class A",META,
Microsoft Corporation - Common,MSFT,
"Moderna, Inc. - Common Stock",MRNA,
Molina Healthcare Inc Common Stock,MOH,
"Mondelez International, Inc. - Class A",MDLZ,
"Monolithic Power Systems, Inc. -",MPWR,
Monster Beverage Corporation -,MNST,
Morgan Stanley Common Stock (MS),MS,
MSCI Inc. Common Stock (MSCI),MSCI,
NESTLE S.A S/ADR (NSRGY) [ST],NSRGY,
"Netflix, Inc. - Common Stock (NFLX)",NFLX,
New York City NY Muni Wtr Fina 2nd,out of scope,municipal bond
"NextEra Energy, Inc. Common Stock",NEE,
NGL ENERGY PARTNERS LP,NGL,
"Nike, Inc. Common Stock (NKE) [ST]",NKE,
Norfolk Southern Corporation,NSC,
"Nutanix, Inc. - Class A Common Stock",NTNX,
NVIDIA Corporation - Common Stock,NVDA,
"NVR, Inc. Common Stock (NVR) [ST]",NVR,
Occidental Petroleum Corporation,OXY,
Ohio ST Higher Ed Go BDS Ser. 2025,out of scope,GO bond
"Old Dominion Freight Line, Inc. -",ODFL,
Oracle Corporation Common Stock,ORCL,
Oramed Pharmaceuticals Inc. -,ORMP,
OUNZ Van Eck Gold Trust ETF [OT],OUNZ,
PACCAR Inc. - Common Stock,PCAR,
Pacific Gas & Electric Co. Common,PCG-PE,
Palantir Technologies Inc. - Class A,PLTR,
"Palo Alto Networks, Inc. (PANW) [ST]",PANW,
PAR Technology Corporation,PAR,
"Paragon 28, Inc. Common Stock",7GQ.F,
Parker-Hannifin Corporation,PH,
Pathfinder 360 v.2 [HN],out of scope,No information found
"Paychex, Inc. - Common Stock (PAYX)",PAYX,
Paylocity Holding Corporation -,PCTY,
"Pepsico, Inc. (PEP) [ST]",PEP,
Performance Food Group Company,PFGC,
PERNOD RICARD S A SP/ADR,RI.PA,"traded on multiple exchanges, selected one is Paris"
"Pfizer, Inc. Common Stock (PFE) [ST]",PFE,
"PPG Industries, Inc. Common Stock",PPG,
Procter & Gamble Company (PG) [ST],PG,
Progressive Corporation (PGR) [ST],PGR,
"Prologis, Inc. Common Stock (PLD)",PLD,
"PT Telekomunikasi Indonesia, Tbk",TLKM.JK,"traded on multiple exchanges, selected one is Jakarta"
"Pure Storage, Inc. Class A Common",PSTG,
"Qorvo, Inc. - Common Stock (QRVO)",QRVO,
"Quanta Services, Inc. Common Stock",PWR,
Quest Diagnostics Incorporated,DGX,
"RAC Opportunity Fund II, LP (GLAS",out of scope,"Riverside Acceleration Capital, https://www.riversidecompany.com/currents/rac-opportunity-fund-ii-close-news-release/"
"Regeneron Pharmaceuticals, Inc. -",REGN,
ResMed Inc. Common Stock (RMD),RMD,
RLI Corp. Common Stock (RLI) [ST],RLI,
"Robinhood Markets, Inc. - Class A",HOOD,
Royal Caribbean Cruises Ltd.,RCL,
"Saia, Inc. - Common Stock (SAIA)",SAIA,
"Salesforce, Inc. Common Stock (CRM)",CRM,
SBA Communications Corporation -,SBAC,
Science Applications International,SAIC,
"ServiceNow, Inc. Common Stock",NOW,
Seven Bridges Emerging Markets,out of scope,Some kind of privately owned investment fund 
Seven Bridges Long/Short Equity,out of scope,Some kind of privately owned investment fund 
Seven Bridges Multi-Strategy Fund,out of scope,Some kind of privately owned investment fund 
Seven Bridges Strategic Equity Fund,out of scope,Some kind of privately owned investment fund 
Shell PLC American Depositary,SHEL,
"Simon Property Group, Inc. Common",SPG,
Ski Mask Dog [CT],out of scope,crypto meme coin
Solventum Corporation Common,SOLV,
Southern Copper Corporation,SCCO,
Southwest Airlines Company,LUV,
"SpringWorks Therapeutics, Inc. -",SWTX,
State Street Corporation Common,STT,
Stryker Corporation Common Stock,SYK,
"Super Micro Computer, Inc. -",SMCI,
"Synopsys, Inc. - Common Stock",SNPS,
"T-Mobile US, Inc. (TMUS) [ST]",TMUS,
Taiwan Semiconductor Manufacturing,TSM,
"Take-Two Interactive Software, Inc. -",TTWO,
TE Connectivity plc Ordinary Shares,TEL,
TENCENT HLDIGS LTD (TCTZF),TCTZF,
"Tesla, Inc. - Common Stock (TSLA)",TSLA,
"The Baldwin Insurance Group, Inc. -",BWIN,
THE CAMPBELLS COMPANY NOTE,out of scope,CO note
The Cigna Group Common Stock (CI),CI,
The Hershey Company Common,HSY,
The J.M. Smucker Company Common,SJM,
"The Trade Desk, Inc. - Class A",TTD,
Trane Technologies plc (TT) [ST],TT,
Transdigm Group Incorporated,TDG,
"Treasury Bill (3-Month, Matures",out of scope,treasury bond
Twilio Inc. Class A Common Stock,TWLO,
TX Trans Commn TPK 5%42 TPK,out of scope,CO bond
"U.S. Physical Therapy, Inc. Common",USPH,
U.S Treasury Bills [GS],out of scope,treasury bond
U.S. Treasury Bills [GS],out of scope,treasury bond
US Treasury Bill 912797JR9 [GS],out of scope,treasury bond
US Treasury Bill 91282CHB0 [GS],out of scope,treasury bond
US Treasury Bill 91282CKE0 [GS],out of scope,treasury bond
"Uber Technologies, Inc. Common",UBER,
UNICHARM CORP S/ADR (UNICY),UNICY,
Union Pacific Corporation Common,UNP,
"United Parcel Service, Inc. Common",UPS,
"United Rentals, Inc. Common Stock",URI,
UnitedHealth Group Incorporated,UNH,
Urban SKY [OI],out of scope,"Interesting company; uses balloons for various uses such as military, weather monitoring..."
US Treasury Bill [GS],out of scope,treasury bond
Verizon Communications Inc.,VZ,
Virtuals Protocol [CT],out of scope,cryptocurrency
Visa Inc. (V) [ST],V,
"Walgreens Boots Alliance, Inc. -",WBA,
Walmart Inc. Common Stock (WMT),WMT,
Walt Disney Company (DIS) [ST],DIS,
"Warner Bros. Discovery, Inc. - Series",WBD,
WELLS FARGO &CO SER W MTN,WFC,
Wells Fargo & Company Common,WFC,
Westinghouse Air Brake Technologies,WAB,
Willis Towers Watson Public Limited,WTW,
WillScot Holdings Corporation - Class,WSC,
Yieldmax Smci Optn Inc Strg ETF -,SMCY,
"Zoom Communications, Inc. - Class A",ZM,
"Zscaler, Inc. - Common Stock (ZS)",ZS,
US TREASURY BILL [GS],out of scope,t-bill
"Akamai Technologies, Inc. - Common",AKAM,
"Align Technology, Inc. - Common",ALGN,
Anaheim CA Elementary School,out of scope,education?
Boston Scientific Corporation,BSX,
El Camino CA Community College,out of scope,education?
Enerpac Tool Group Corp. Common,EPAC,
General Motors Company Common,GM,
Hillman Solutions Corp. - Common,HLMN,
Humana Inc. Common Stock (HUM),HUM,
"Sterling Infrastructure, Inc. -",STRL,
"Wynn Resorts, Limited - Common",WYNN,
Blackstone Inc. Common Stock (BX),BX,
"Block, Inc. Class A Common Stock,",XYZ,
Charles Schwab Corporation (SCHW),SCHW,
"Cisco Systems, Inc. - Common Stock",CSCO,
DASSAULT SYSTEMES SA ADR,DSY.PA,"traded on multiple exchanges, selected one is Paris"
DISCO CORP UNSP /ADR (DSCSY),DSCSY,
EEN ENERGY HLDGS UNSP/ADR,XNGSY,
"Fiserv, Inc. Common Stock (FI) [ST]",FI,
Infineon Technologies AG (IFNNY),IFNNY,
KKR & Co. Inc. Common Stock (KKR),KKR,
Nintendo Co Ltd ADR (NTDOY) [ST],NTDOY,
"Paychex, Inc. - Common Stock",PAYX,
"PayPal Holdings, Inc. - Common",PYPL,
Shopify Inc. Class A Subordinate,SHOP,
Snowflake Inc. Class A Common,SNOW,
Spotify Technology S.A. Ordinary,SPOT,
Starbucks Corporation - Common,SBUX,
"Vertiv Holdings, LLC Class A",VRT,
"West Pharmaceutical Services, Inc.",WST,
"Hurco Companies, Inc. - Common",HURC,
Maryland St Health Var 07/01/45,out of scope,https://www.investing.com/news/company-news/donald-sternoff-beyer-jr-invests-in-maryland-st-health-var-93CH-3918809
"Cloudflare, Inc. Class A Common",NET,
MACOM Technology Solutions,MTSI,
monday.com Ltd. - Ordinary Shares,MNDY,
ON Semiconductor Corporation -,ON,
Snowflake Inc. Class A Common Stock,SNOW,
"Astera Labs, Inc. - Common Stock",ALAB,
"Reddit, Inc. Class A Common Stock",RDDT,
MicroStrategy Incorporated - Class A,MSTR,
"Impinj, Inc. - Common Stock (PI)",PI,
Intek Plastics LLC [OI],out of scope,PE
Rise & Puff Inc [OI],out of scope,PE
UBS Group AG Registered Ordinary,UBS,
"Air Products and Chemicals, Inc.",APD,
Albemarle Corporation Common,ALB,
Applovin Corporation - Class A,APP,
Arch Capital Group Ltd. - Common,ACGL,
"AvalonBay Communities, Inc.",AVB,
Brunswick Corporation Common,BC,
Comcast Corporation - Class A,CMCSA,
"EPAM Systems, Inc. Common Stock",EPAM,
"Exponent, Inc. - Common Stock",EXPO,
Fidelity National Information,FIS,
First Busey Corporation - Common,BUSE,
GE Aerospace Common Stock (GE),GE,
Halliburton Company Common Stock,HAL,
"Hope Bancorp, Inc. - Common Stock",HOPE,
Hubbell Inc Common Stock (HUBB),HUBB,
IDEX Corporation Common Stock,IEX,
ITT Inc. Common Stock (ITT) [ST],ITT,
Lennar Corporation Class A Common,LEN,
"Millrose Properties, Inc. Class A",MRP,
nVent Electric plc Ordinary Shares,NVT,
"Primerica, Inc. Common Stock (PRI)",PRI,
"PulteGroup, Inc. Common Stock",PHM,
QUALCOMM Incorporated - Common,QCOM,
"Rapid7, Inc. - Common Stock (RPD)",RPD,
"Royal Gold, Inc. - Common Stock",RGLD,
RTX Corporation Common Stock,RTX,
Sandisk Corporation - Common Stock,SNDK,
Sherwin-Williams Company (SHW),SHW,
"TJX Companies, Inc. (TJX) [ST]",TJX,
Vertex Pharmaceuticals Incorporated,VRTX,
General Dynamics Corporation,GD,
"Rockwell Automation, Inc. Common",ROK,
SIMCORP A/S UN/ADR (SMCYY),SMCYY,
US Treasury Note DTD 02/28/23,out of scope,t-bill
US Treasury Bill - Due 12/15/26,out of scope,t-bill
Amdocs Limited - Ordinary Shares,DOX,
Aptiv PLC Ordinary Shares (APTV),APTV,
BorgWarner Inc. Common Stock,BWA,
Capital One Financial Corporation,COF,
Constellation Energy Corporation -,CEG,
"Freeport-McMoRan, Inc. Common",FCX,
"Huntington Ingalls Industries, Inc.",HII,
Microchip Technology Incorporated -,MCHP,
NXP Semiconductors N.V. - Common,NXPI,
"PNC Financial Services Group, Inc.",PNC,
"Teradyne, Inc. (TER) [ST]",TER,
The AES Corporation Common Stock,AES,
The Bank of New York Mellon,BK,
Truist Financial Corporation Common,TFC,
Vistra Corp. Common Stock (VST),VST,
"Zimmer Biomet Holdings, Inc.",ZBH,
Magnera Corporation Common Stock,MAGN,
NVIDIA Corporation - Common,NVDA,
"Full House Resorts, Inc. - Common",FLL,
Fidelity Advisor Total Bond CL Z [GS],FBKWX,
Lockheed Martin Corporation,LMT,
"Applied Materials, Inc. - Common",AMAT,
"Digital Realty Trust, Inc. Common",DLR,
Thermo Fisher Scientific Inc Common,TMO,
US Treasury Bill - Due 12/31/2025,out of scope,t-bill
US Treasury Bill - Due 3/15/2027,out of scope,t-bill
US Treasury Bill - Due 5/15/26,out of scope,t-bill
University of Washington 4.00%,out of scope,bond 
A.O. Smith Corporation Common,AOS,
"Alexandria Real Estate Equities, Inc.",ARE,
Avery Dennison Corporation Common,AVY,
Biogen Inc. - Common Stock (BIIB),BIIB,
Bio-Techne Corp - Common Stock,TECH,
Campbell Soup Company Common,CPB,
"CenterPoint Energy, Inc (CNP) [ST]",CNP,
CSX Corporation (CSX) [ST],CSX,
DBA Sempra Common Stock (SRE),SRE,
Deere & Company Common Stock,DE,
"DexCom, Inc. - Common Stock",DXCM,
Emerson Electric Company Common,EMR,
"EOG Resources, Inc. Common Stock",EOG,
Extra Space Storage Inc Common,EXR,
"First Solar, Inc. - Common Stock",FSLR,
GE HealthCare Technologies Inc. -,GEHC,
"HCA Healthcare, Inc. Common Stock",HCA,
"IDEXX Laboratories, Inc. - Common",IDXX,
"IQVIA Holdings, Inc. Common Stock",IQV,
Keurig Dr Pepper Inc. (KDP) [ST],KDP,
Labcorp Holdings Inc. Common Stock,LH,
Nordson Corporation - Common,NDSN,
"Revvity, Inc. Common Stock (RVTY)",RVTY,
Schlumberger N.V. Common Stock,SLB,
Sea Limited American Depositary,SE,
STERIS plc (STE) [ST],STE,
Teleflex Incorporated Common Stock,TFX,
Textron Inc. Common Stock (TXT),TXT,
The Kraft Heinz Company - Common,KHC,
Viatris Inc. - Common Stock (VTRS),VTRS,
"W.W. Grainger, Inc. Common Stock",GWW,
Waters Corporation Common Stock,WAT,
Weyerhaeuser Company Common,WY,
Zoetis Inc. Class A Common Stock,ZTS,
International Business Machines,IBM,
Nu Holdings Ltd. Class A Ordinary,NU,
Texas Instruments Incorporated -,TXN,
ALLEGHENY CNTY PA HOSP DEV,out of scope,municipal bond
EASTON PA AREA SCH DIST REF-,out of scope ,education?
"Okta, Inc. - Class A Common Stock",OKTA,
PA ST HGR EDUCTNL FACS AUTH,out of scope,bond?
PA ST TPK COMMN TPK REV REF-,out of scope,bond?
Shopify Inc. - Class A Subordinate,SHOP,
"Agilent Technologies, Inc. Common",A,
Alphabet Inc. - Class A Common,GOOG,
Amcor plc Ordinary Shares (AMCR),AMCR,
"Becton, Dickinson and Company",BDX,
"Best Buy Co., Inc. Common Stock",BBY,
FedEx Corporation Common Stock,FDX,
"Gartner, Inc. Common Stock (IT) [ST]",IT,
Generac Holdlings Inc. Common,GNRC,
"General Mills, Inc. Common Stock",GIS,
HP Inc. Common Stock (HPQ) [ST],HPQ,
Invesco Ltd Common Stock (IVZ),IVZ,
Kimberly-Clark Corporation Common,KMB,
"McCormick & Company, Incorporated",MKC,
"Mettler-Toledo International, Inc.",MTD,
QUALCOMM Incorporated -,QCOM,
"Roper Technologies, Inc. (ROP) [ST]",ROP,
Target Corporation Common Stock,TGT,
Valero Energy Corporation Common,VLO,
Zebra Technologies Corporation -,ZBRA,
Ameren Corporation Common Stock,AEE,
"AMETEK, Inc. (AME) [ST]",AME,
Amphenol Corporation Common,APH,
Archer-Daniels-Midland Company,ADM,
Avery Dennison Corporation,AVY,
Bank of America Corporation,BAC,
Centene Corporation Common Stock,CNC,
"Charter Communications, Inc. - Class",CHTR,
CME Group Inc. - Class A Common,CME,
"Crexendo, Inc. (EXE) [ST]",EXE,
"Delta Air Lines, Inc. Common Stock",DAL,
"Diamondback Energy, Inc. - Common",FANG,
"DoorDash, Inc. - Common Stock",DASH,
Dover Corporation Common Stock,DOV,
Edwards Lifesciences Corporation,EW,
Electronic Arts Inc. - Common Stock,EA,
EQT Corporation Common Stock,EQT,
"Equifax, Inc. Common Stock (EFX)",EFX,
"Henry Schein, Inc. - Common Stock",HSIC,
Honeywell International Inc. (HON),HON,
Huntington Bancshares Incorporated,HBAN,
Keysight Technologies Inc. Common,KEYS,
Marathon Petroleum Corporation,MPC,
"Micron Technology, Inc. - Common",MU,
Newmont Corporation (NEM) [ST],NEM,
Omnicom Group Inc. Common Stock,OMC,
PA ST UNIV 5.0% 09/01/2035 DTD,out of scope,bond?
PTC Inc. - Common Stock (PTC) [ST],PTC,
S&P Global Inc. Common Stock,SPGI,
Seagate Technology Holdings PLC -,STX,
Teledyne Technologies Incorporated,TDY,
Texas Pacific Land Corporation,TPL,
Tractor Supply Company - Common,TSCO,
UNIV OF WA WA UNIV REVENUES,out of scope,university of washington 
"WEC Energy Group, Inc. Common",WEC,
Western Digital Corporation -,WDC,
"Workday, Inc. - Class A Common",WDAY,
"2000137143 Netflix, Inc. - Common Stock",NFLX,
ALIMENTATION COUCHE-TARD,ATD.TO,
"Antioch, CA, Unified School District",out of scope,education?
Audent Hospitality Real Estate Fund I,out of scope,
Barclays Plc Ord Ordinary Shares,BCS,
"CBIZ, Inc. Common Stock (CBZ) [ST]",CBZ,
"Halozyme Therapeutics, Inc. -",HALO,
"Hologic, Inc. - Common Stock",HOLX,
"RB Global, Inc. Common Stock (RBA)",RBA,
"Supernus Pharmaceuticals, Inc. -",SUPN,
"Tandem Diabetes Care, Inc. -",TNDM,
Tencent Holdings Limited Ordinary,TCEHY,"traded on multiple exchanges, selected one is Peking"
"The Vita Coco Company, Inc. -",COCO,
Utz Brands Inc Class A Common,UTZ,
W.R. Berkley Corporation Common,WRB,
"Alkami Technology, Inc. - Common",ALKT,
"Aris Water Solutions, Inc. Class A",ARIS,
Beiersdorf A G Ordinary Shares,BEID.XD,"traded on multiple exchanges, selected one is DXE"
Capri Holdings Limited Ordinary,CPRI,
ChampionX Corporation (CHX) [ST],CHX,
"DT Midstream, Inc. Common Stock",DTM,
DXC Technology Company Common,DXC,
Flywire Corporation - Voting,FLYW,
"O'Reilly Automotive, Inc. - Common",ORLY,
Rheinmetall Ag Ordinary Shares,RHMD.XD,"traded on multiple exchanges, selected one is DXE"
"Sarepta Therapeutics, Inc. - Common",SRPT,
"Silicon Laboratories, Inc. - Common",SLAB,
Sphere Entertainment Co. Class A,SPHR,
Tencent Music Entertainment Group,TME,
"Vaxcyte, Inc. - Common Stock (PCVX)",PCVX,
"Yum! Brands, Inc. (YUM) [ST]",YUM,
Zions Bancorporation N.A. - Common,ZION,
United States Treas Bills Maturity,out of scope,t-bill
"Core & Main, Inc. Class A Common",CNM,
"Corpay, Inc. Common Stock (CPAY)",CPAY,
"Entegris, Inc. - Common Stock",ENTG,
"Fortune Brands Innovations, Inc.",FBIN,
"Live Nation Entertainment, Inc.",LYV,
"Tempur Sealy International, Inc.",TPD.SG,"traded on multiple exchanges, selected one is Singapour"
Trimble Inc. - Common Stock (TRMB),TRMB,
Viking Holdings Ltd Ordinary Shares,VIK,
"BJ's Wholesale Club Holdings, Inc.",BJ,
"Dayforce, Inc. Common Stock (DAY)",DAY,
Jones Lang LaSalle Incorporated,JLL,
Markel Group Inc. Common Stock,MKL,
Toro Company (TTC) [ST],TTC,
Arizona Indl Dev Auth Rev BDS,out of scope,municipal bond
Colorado Health Fac 5% Hosp HLTH,out of scope,bond
Florida Dev Fin Corp Healthcare Facs,out of scope,
Florida HSG Fin Corp Homeowner,out of scope,
Honolulu HI City & 4% Go Utx Due,out of scope,municipal bond
Illinois ST Sales Tax Rev JR Oblig,out of scope,municipal bond
Michigan ST HSG Dev Auth Single,out of scope,
New Jersey ST Transn TR FD Auth,out of scope,
New York New Y CI 2.6% Mult HSG,out of scope,
New York NY City Transitional Fin,out of scope,
Oklahoma City Okla Go BDS Ser.,out of scope,
Philadelphia PA SCH Dist Go BDS,out of scope,
Sales Tax Securitization Corp 5.00%,out of scope,
Seattle WA MN LT PW 0% PWR Util,out of scope,
Spring TX Isd 4% Go Utx Due,out of scope,
Tennessee HSG Dev Agy Residential,out of scope,
Triborough Bridge & Tunl 4% SPL Tax,out of scope,
TX Trans Commn TPK 5% TPK Tran,out of scope,
UT ST Tran Auth 5% Excise Tax Due,out of scope,
Wise CNTY VA Indl Dev Auth Solid,out of scope,
UT ST Tran Auth 5%36 Excise Tax,out of scope,
Wisconsin ST Go BDS Ser. 2025 A,out of scope,
GOVERNMENT NATIONAL,out of scope,
FactSet Research Systems Inc.,FDS,
"Fortinet, Inc. - Common Stock",FTNT,
"Autodesk, Inc. - Common Stock",ADSK,
Chemed Corp (CHE) [ST],CHE,
Novo Nordisk A/S Common Stock,NVO,
Tradeweb Markets Inc. - Class A,TW,
Veeva Systems Inc. Class A Common,VEEV,
"ONEOK, Inc. Common Stock (OKE)",OKE,
"Williams Companies, Inc. (WMB)",WMB,
Ellington Financial Inc. Common,EFC,
FLEX LNG Ltd. Ordinary Shares,FLNG,
"Hercules Capital, Inc. Common Stock",HTGC,
Pembina Pipeline Corp. Ordinary,PBA,
"Azenta, Inc. - Common Stock (AZTA)",AZTA,
Banco Bilbao Vizcaya Argentaria S.A.,BBVA,
Booking Holdings Inc. - Common,BKNG,
Chord Energy Corporation - Common,CHRD,
Diageo plc Common Stock (DEO) [ST],DEO,
Endava plc American Depositary,DAVA,
Flywire Corporation - Voting Common,FLYW,
"Gilead Sciences, Inc. - Common Stock",GILD,
Pacific Premier Bancorp Inc -,PPBI,
TECHTRONIC INDUS LTD ADR,TTNDY,
"Tri Pointe Homes, Inc. Common Stock",TPH,
"Advanced Energy Industries, Inc. -",AEIS,
Agree Realty Corporation Common,ADC,
ALLIANZ SE UNSP/ADR (ALIZY),ALIZY,
Ameris Bancorp - Common Stock,ABCB,
Asbury Automotive Group Inc,ABG,
ATLAS COPCO AB A S/ADR (ATLKY),ATILKY,
Balchem Corporation - Common,BCPC,
BHP Group Limited American,BHP,
Cathay General Bancorp - Common,CATY,
Central Garden & Pet Company -,CENTA,
"Champion Homes, Inc. Common",SKY,
"Cheniere Energy, Inc. Common Stock",LNG,
CHUGAI PHARM UNSP/ADR,CUP.F,"traded on multiple exchanges, selected one is France"
Cincinnati Financial Corporation -,CINF,
DBS GROUP HLDGS LTD S/ADR,DEVL.F,"traded on multiple exchanges, selected one is France"
Fastenal Company - Common Stock,FAST,
Fomento Economico Mexicano S.A.B.,FMX,
"Globus Medical, Inc. Class A Common",GMED,
Haleon plc American Depositary,HLN,
HDFC Bank Limited Common Stock,HDB,
Horace Mann Educators Corporation,HMN,
"Houlihan Lokey, Inc. Class A",HLI,
"IDACORP, Inc. Common Stock (IDA)",IDA,
Insmed Incorporated - Common,INSM,
L'Oreal Co. American Depositary,LRLCY,
Magnolia Oil & Gas Corporation Class,MGY,
Manulife Financial Corporation,MFC,
Northrop Grumman Corporation,NOC,
"Patrick Industries, Inc. - Common",PATK,
RBC Bearings Incorporated Common,RBC,
Rio Tinto Plc Common Stock (RIO),RIO,
ROCHE HOLDING LTD S/ADR,ROG.SW,
SAP SE ADS (SAP) [ST],SAP,
SHIMANO INC UNSP/ADR,SMNNY,
Silgan Holdings Inc. (SLGN) [ST],SLGN,
Sony Group Corporation American,SONY,
"SPX Technologies, Inc. Common",SPXC,
"Stag Industrial, Inc. Common Stock",STAG,
Stifel Financial Corporation Common,SF,
SYSMEX CORP UNSP/ASDR,SSMXY,
Taiwan Semiconductor,TSM,
TENCENT HLDGS UNSP/ADR,TCEHY,
The Descartes Systems Group Inc. -,DSG.TO,
"Thermon Group Holdings, Inc.",THR,
"Tri Pointe Homes, Inc. Common",TPH,
"UFP Industries, Inc. - Common Stock",UFPI,
UMB Financial Corporation -,UMBF,
RH Common Stock (RH) [ST],RH,
Southern Company (SO) [ST],SO,
Cummins Inc. Common Stock (CMI),CMI,
American Express Company Common,BP,
BP p.l.c. Common Stock (BP) [ST],BP,
Duke Energy Corporation (DUK) [ST],DUK,
Frontline Plc Ordinary Shares (FRO),FRO,
VANGUARD S&P 500 ETF [OT],VOO,
MORGAN STANLEY FIN LLC MTN,out of scope,corp bond
BNP Paribas MTN 4/9/2030 [CS],out of scope,corp bond
Goldman Sachs MTN 4/29/2030,out of scope,corp bond
Interest Rate Cap Transaction UBS,out of scope,FI
ILLINOIS WESLEYAN UNIV FIN,out of scope,corp bond
"Salesforce, Inc. Common Stock",CRM,
Alcon Inc. Ordinary Shares (ALC),ALC,
"Sonos, Inc. - Common Stock (SONO)",SONO,
United Parks & Resorts Inc. Common,PRKS,
Webster Financial Corporation,WBS,
Allstate Corporation (ALL) [ST],ALL,
Ball Corporation Common Stock,BALL,
Blue Bird Corporation - Common,BLBD,
Camden Property Trust Common,CPT,
Carlisle Companies Incorporated,CSL,
Discover Financial Services Common,DFS,
"Equinix, Inc. - Common Stock (EQIX)",EQIX,
Global Payments Inc. Common Stock,GPN,
"Healthpeak Properties, Inc. Common",DOC,
Howmet Aerospace Inc. Common,HWM,
"J.B. Hunt Transport Services, Inc. -",JBHT,
JBT Marel Corporation Common,JBT.F,
"L3Harris Technologies, Inc. Common",LHX,
Las Vegas Sands Corp. Common Stock,LVS,
"Marsh & McLennan Companies, Inc.",MMC,
Masco Corporation Common Stock,MAS,
Pentair plc. Ordinary Share (PNR),PNR,
"PepsiCo, Inc. - Common Stock (PEP)",PEP,
"Raymond James Financial, Inc.",RJF,
Realty Income Corporation Common,O,
"Reliance, Inc. Common Stock (RS)",RS,
"Republic Services, Inc. Common Stock",RSG,
Smurfit WestRock plc Ordinary,SW,
Sysco Corporation Common Stock,SYY,
"T. Rowe Price Group, Inc. - Common",TROW,
"TXNM Energy, Inc. Common Stock",TXNM,
VICI Properties Inc. Common Stock,VICI,
"Waste Management, Inc. Common",WM,
"Illumina, Inc. - Common Stock",ILMN,
BANK AMERICA CORP SER N MTN,BML-PL,
GOLDMAN SACHS GROUP INC,GS,
JPMORGAN CHASE &CO NOTE,JPM,
"Cencora, Inc. Common Stock (COR)",COR,
Fifth Third Bancorp - Common Stock,FITB,
Philip Morris International Inc,PM,
Kroger Company (KR) [ST],KR,
Carnival Corporation Common Stock,CCL,
"Century Casinos, Inc. - Common",CNTY,
"Golden Entertainment, Inc. -",GDEN,
Marriott International - Class A,MAR,
MGM Resorts International Common,MGM,
Tennant Company Common Stock,TNC,
"2000115357 SP Echo Street GoodCo Select, LP",out of scope,PE
AFLAC Incorporated Common Stock,AFL,
"American Water Works Company,",AWK,
Honeywell International Inc. -,HON,
Illinois Tool Works Inc. Common,ITW,
U.S. Bancorp Common Stock (USB),USB,
"Alpine Investors IX, LP (GLAS Funds,",out of scope,PE
"New Water Capital Partners II, LP",out of scope,PE
"Zoom Technologies, Inc. (ZOOM)",ZOOM,
"American Airlines Group, Inc. -",AAL,
Baker Hughes Company - Common,BKR,
US Foods Holding Corp. Common,USFD,
Yieldmax MSCI Optn Inc Strg ETF,out of scope,https://www.yieldmaxetfs.com/
Yieldmax SMCI Optn Inc Strg ETF,out of scope,https://www.yieldmaxetfs.com/
Yieldmax SMCI Optn Inc Strg ETRF,out of scope,https://www.yieldmaxetfs.com/
Monomyth Anonvion LLC [OI],out of scope,https://www.anoviontech.com/
Diageo plc Common Stock (DEO),DEO,
US Treasury Note DTD 02/28/26,out of scope,t-bill
SMX Industrial Solutions [OI],out of scope,PE https://www.smx-industrial.com/
ASHTED GRP PLC UNSP/ADR,ASHTY,typo?
CHASKA MN ELEC REVENUE REF -,out of scope,municipal
MINNESOTA ST MUNI PWR AGY,out of scope,municipal
SPDR Long Dollar Gold Trust,GLD,
R Long Dollar Gold Trust,GLD,
Carrier Global Corporation Common,CARR,
"Lincoln Electric Holdings, Inc. -",LECO,
RPM International Inc. Common,RPM,
Alcan Inc Debs [CS],out of scope,
Alphabet Inc. - Class A Common Stock,GOOG,
AT&T Inc. (T) [ST],T,
Bank Amer Corp SR [CS],BML-PL,
Equity Residential Common Shares of,EQR,
"Essential Utilities, Inc. Common Stock",WTRG,
"Evergy, Inc. (EVRG) [ST]",EVRG,
JP Morgan Chase &Co [CS],JPM,
"Magna International, Inc. Common",MGA,
Moody's Corporation Common Stock,MCO,
NiSource Inc Common Stock (NI) [ST],NI,
Prudential Finl Inc Medium Term,PRU,
V.F. Corporation Common Stock,VFC,
Walmart Stores Inc [CS],WMT,
BTC (Bitcoin) [CT],out of scope,cryptocurrency
XRP (Ripple) [CT],out of scope,cryptocurrency
SOL (Solana) [CT],out of scope,cryptocurrency
"American International Group, Inc.",AIG,
Aon plc Class A Ordinary Shares,AON,
Ares Management Corporation Class,ARES,
"Buckle, Inc. (BKE) [ST]",BKE,
"Caesars Entertainment, Inc. -",CZR,
"Cboe Global Markets, Inc. (CBOE)",CBOE,
"Coinbase Global, Inc. - Class A",COIN,
"DuPont de Nemours, Inc. Common",DD,
Herc Holdings Inc. Common Stock,HRI,
"Highwoods Properties, Inc. Common",HIW,
HNI Corporation Common Stock,HNI,
"Home BancShares, Inc. Common",HOMB,
"Lazard, Inc. Common Stock (LAZ)",LAZ,
"LGI Homes, Inc. - Common Stock",LGIH,
"Littelfuse, Inc. - Common Stock",LFUS,
McDonald's Corporation Common,MCD,
Nucor Corporation Common Stock,NUE,
"Prudential Financial, Inc. Common",PRU,
"Ross Stores, Inc. - Common Stock",ROST,
"Schneider National, Inc. Common",SNDR,
The Carlyle Group Inc. - Common,CG,
"United Community Banks, Inc.",UCB,
Vicor Corporation - Common Stock,VICR,
"Vishay Intertechnology, Inc. Common",VSH,
"American Water Works Company, Inc.",AWK,
Cintas Corporation - Common Stock,CTAS,
"Citizens Financial Group, Inc.",CFG,
Clorox Company (CLX) [ST],CLX,
Ecolab Inc. Common Stock (ECL) [ST],ECL,
Gen Digital Inc. - Common Stock,GEN,
Hilton Worldwide Holdings Inc.,HLT,
"International Flavors & Fragrances,",IFF,
"Match Group, Inc. - Common Stock",MTCH,
Pembroke Pines FL Cap Impt Re,out of scope,PE?
Phillips 66 Common Stock (PSX) [ST],PSX,
Repligen Corporation - Common,RGEN,
Synovus Financial Corp. Common,SNV,
Global Industrial Company Common,GIC,
"American Electric Power Company,",AEP,
Procter & Gamble Company (PG),PG,
The J.M. Smucker Company,SJM,
adidas AG Sponsored ADR (ADDYY),ADDYY,
Anheuser-Busch Inbev SA Sponsored,BUD,
AstraZeneca PLC - American,AZN,
Barclays PLC Common Stock (BCS),BCS,
Canadian Natural Resources Limited,CNQ,
"Citigroup, Inc. Common Stock (C)",C,
Compagnie Financiere Richemont,CFRUY,
Credit Agricole SA Unsponsored ADR,XCAU.F,
Deutsche Bank AG Common Stock,DB,
Deutsche Telekom AG (DTEGY) [ST],DTEGY,
DSV A/S Unsponsored ADR (DSDVY),DSDVY,
Fanuc Corporation Unsponsored ADR,FANUY,
GSK plc American Depositary Shares,GSK,
Hong Kong Exchanges & Clearing Ltd,HKXCF,
"HSBC Holdings, plc. Common Stock",HSBC,
Intesa Sanpaolo S.P.A. Sponsored,ISP.MI,
Johnson Controls International plc,JCI,
LVMH Moet Hennessy Louis Vuitton,LVMHF,
MITSUBISHI HVY IND U/ADR,7011.T,
"Mitsubishi UFJ Financial Group, Inc.",MUFG,
Murata Manufacturing Co Ltd,MUR1.F,
NatWest Group plc American,NWG,
Nestle SA Sponsored ADR,NESM.MU,
NORDEA BANK ABP SP/ADR,NDA-FI.HE,
Safran S.A. Unsponsored ADR,SAF.PA,
Siemens AG American Depositary,SIE.DE,
Societe Generale France Sponsored,GLE.PA,
Suncor Energy Inc. Common Stock,SU,
Tokyo Electron Ltd Unsponsored,TOELY,
Toyota Motor Corporation Common,TM,
UNICREDITO SPA UNSP/ADR,UNCRY,
Unilever PLC Common Stock (UL),UL,
Vinci SA ADR (VCISY) [ST],VCISY,
Assa Abloy AB Unsponsored ADR,ALZ.F,
,,
,,
